,Group,recall_t,precision_t,auc_t,specificity_t,sensitivity_t,ppv_t,npv_t,accuracy_t,weighted_sensitivity_t,weighted_ppv_t,weighted_specificity_t,weighted_npv_t,weighted_accuracy_t,recall_v,precision_v,auc_v,specificity_v,sensitivity_v,ppv_v,npv_v,accuracy_v,weighted_sensitivity_v,weighted_ppv_v,weighted_specificity_v,weighted_npv_v,weighted_accuracy_v
0,park_v_control,0.9536423841059603,0.9863013698630136,0.9607784113043171,0.9679144385026738,0.9536423841059603,0.9863013698630136,0.8960396039603961,0.9578125,0.9536423841059603,0.9674498814399655,0.9679144385026738,0.9542946927374303,0.960778411304317,0.9186991869918699,0.9826086956521739,0.9330338040222508,0.9473684210526315,0.9186991869918699,0.9826086956521739,0.782608695652174,0.9254658385093167,0.9186991869918699,0.9458149779735684,0.9473684210526315,0.9209650582362727,0.9330338040222508
1,msa_psp_v_pd,0.3153846153846154,0.5394736842105263,0.6046620046620047,0.8939393939393939,0.3153846153846154,0.5394736842105263,0.7682291666666666,0.7304347826086957,0.3153846153846154,0.7483407079646017,0.8939393939393939,0.5663024217365623,0.6046620046620046,0.3783783783783784,0.5833333333333334,0.6258980499486829,0.8734177215189873,0.3783783783783784,0.5833333333333334,0.75,0.7155172413793104,0.3783783783783784,0.7493224932249323,0.8734177215189873,0.5842105263157894,0.6258980499486828
2,msa_v_pd_psp,0.6470588235294118,0.28448275862068967,0.7220624190996692,0.7970660146699267,0.6470588235294118,0.28448275862068967,0.9476744186046512,0.7804347826086957,0.6470588235294118,0.7612521150592216,0.7970660146699267,0.693096548274137,0.7220624190996692,0.7333333333333333,0.28205128205128205,0.728052805280528,0.7227722772277227,0.7333333333333333,0.28205128205128205,0.948051948051948,0.7241379310344828,0.7333333333333333,0.7256694970607447,0.7227722772277227,0.7304869913275518,0.7280528052805281
3,psp_v_pd_msa,1.0,0.17173913043478262,0.5,0.0,1.0,0.17173913043478262,,0.17173913043478262,1.0,0.5,0.0,,0.5,1.0,0.1896551724137931,0.5,0.0,1.0,0.1896551724137931,,0.1896551724137931,1.0,0.5,0.0,,0.5
4,psp_v_msa,1.0,0.6240601503759399,0.5,0.0,1.0,0.6240601503759399,,0.6240601503759399,1.0,0.5,0.0,,0.5,1.0,0.5294117647058824,0.5,0.0,1.0,0.5294117647058824,,0.5294117647058824,1.0,0.5,0.0,,0.5
